{
  "view/InventoryMain.view.xml": 1729070795690,
  "controller/InventoryDashboard.controller.js": 1729673703599,
  "controller/SecurityGateInMaterial.controller.js": 1729667221398,
  "controller/SecurityGateIn.controller.js": 1729666664240,
  "controller/MaterialInventoryRecord.controller.js": 1729686486587,
  "controller/InventoryMain.controller.js": 1729667485251,
  "model/models.js": 1729070795690,
  "controller/InspectionTable.controller.js": 1729747322754,
  "controller/Inspection.controller.js": 1729747316694,
  "controller/App.controller.js": 1729070795686,
  "manifest.json": 1729849958331,
  "Component.js": 1729070795686,
  "controller/InspectionTable-dbg.controller.js": 1729747322754,
  "controller/InspectionTable.controller.js.map": 1729849958475,
  "controller/SecurityGateInMaterial-dbg.controller.js": 1729667221398,
  "controller/SecurityGateInMaterial.controller.js.map": 1729849958517,
  "controller/SecurityGateIn-dbg.controller.js": 1729666664240,
  "controller/SecurityGateIn.controller.js.map": 1729849958518,
  "controller/MaterialInventoryRecord-dbg.controller.js": 1729686486587,
  "controller/MaterialInventoryRecord.controller.js.map": 1729849958543,
  "controller/InventoryMain-dbg.controller.js": 1729667485251,
  "controller/InventoryMain.controller.js.map": 1729849958516,
  "model/models-dbg.js": 1729070795690,
  "model/models.js.map": 1729849958526,
  "controller/InventoryDashboard-dbg.controller.js": 1729673703599,
  "controller/InventoryDashboard.controller.js.map": 1729849958530,
  "controller/Inspection-dbg.controller.js": 1729747316694,
  "controller/Inspection.controller.js.map": 1729849958547,
  "controller/App-dbg.controller.js": 1729070795686,
  "controller/App.controller.js.map": 1729849958535,
  "Component-dbg.js": 1729070795686,
  "Component.js.map": 1729849958538,
  "Component-preload.js": 1729849958679,
  "Component-preload.js.map": 1729849958679,
  "view/SecurityGateInMaterial.view.xml": 1729666682892,
  "view/SecurityGateIn.view.xml": 1729666695460,
  "view/MaterialInventoryRecord.view.xml": 1729337331998,
  "i18n/i18n.properties": 1729839073242,
  "view/InventoryDashboard.view.xml": 1729744953709,
  "view/InspectionTable.view.xml": 1729759447748,
  "view/Inspection.view.xml": 1729749486390,
  "view/App.view.xml": 1729070795690,
  "fragments/subComponent.fragment.xml": 1729749332953,
  "fragments/SubcomponentValueHelp.fragment.xml": 1729070795686,
  "fragments/SubComponent.fragment.xml": 1729664381719,
  "fragments/SecurityValueHelp.fragment.xml": 1729667059070,
  "fragments/MaterialValueHelp.fragment.xml": 1729666734672,
  "fragments/GateInSubMaterial.fragment.xml": 1729666714612,
  "fragments/CategoryValueHelp.fragment.xml": 1729070795686,
  "fragments/AddSubComponent.fragment.xml": 1729337383206,
  "css/style.css": 1729667482339,
  "index.html": 1729070795686
}