{
  "fragments/createMaterialGroup.fragment.xml": 1729598458587,
  "controller/StorageLocation3.controller.js": 1729746373550,
  "model/models.js": 1729070795686,
  "controller/StorageLocation.controller.js": 1729685907636,
  "controller/MaterialStatus.controller.js": 1729664381719,
  "controller/MaterialGroup.controller.js": 1729667893721,
  "controller/ConfigDashboard.controller.js": 1729070795686,
  "controller/App.controller.js": 1729070795686,
  "manifest.json": 1729849961033,
  "Component.js": 1729070795686,
  "controller/MaterialGroup-dbg.controller.js": 1729667893721,
  "controller/MaterialGroup.controller.js.map": 1729849961170,
  "model/models-dbg.js": 1729070795686,
  "model/models.js.map": 1729849961153,
  "controller/StorageLocation-dbg.controller.js": 1729685907636,
  "controller/StorageLocation.controller.js.map": 1729849961167,
  "controller/MaterialStatus-dbg.controller.js": 1729664381719,
  "controller/MaterialStatus.controller.js.map": 1729849961168,
  "controller/StorageLocation3-dbg.controller.js": 1729746373550,
  "controller/StorageLocation3.controller.js.map": 1729849961172,
  "controller/ConfigDashboard-dbg.controller.js": 1729070795686,
  "controller/ConfigDashboard.controller.js.map": 1729849961169,
  "controller/App-dbg.controller.js": 1729070795686,
  "controller/App.controller.js.map": 1729849961169,
  "Component-dbg.js": 1729070795686,
  "Component.js.map": 1729849961170,
  "Component-preload.js": 1729849961262,
  "Component-preload.js.map": 1729849961262,
  "view/StorageLocation5.view.xml": 1729147580738,
  "view/StorageLocation.view.xml": 1729745148906,
  "view/MaterialStatus.view.xml": 1729664381719,
  "view/MaterialGroup.view.xml": 1729070795686,
  "view/ConfigDashboard.view.xml": 1729070795686,
  "view/App.view.xml": 1729070795686,
  "fragments/updateMaterialGroup.fragment.xml": 1729070795686,
  "fragments/updateLocation.fragment.xml": 1729582783913,
  "i18n/i18n.properties": 1729838987630,
  "fragments/addStorageLocation.fragment.xml": 1729588048544,
  "fragments/UpdateMaterialStatus.fragment.xml": 1729596052012,
  "fragments/AddMaterialStatus.fragment.xml": 1729070795686,
  "css/style.css": 1729667393759,
  "index.html": 1729070795686
}